{"functions": {"something1": {"declarator": [{"type": "id", "value": "something1"}], "decSpec": [{"type": "typeSpecifier", "value": "int"}], "declarationList": null}, "main": {"declarator": [{"type": "id", "value": "main"}], "decSpec": [{"type": "typeSpecifier", "value": "int"}], "declarationList": null}}, "scope": {"variables": {}, "children": [{"variables": {"a": {"init": true, "drefCount": null, "extraData": [], "decSpec": ["int"]}, "b": {"init": true, "drefCount": null, "extraData": [], "decSpec": ["int"]}, "f": {"init": true, "drefCount": null, "extraData": [], "decSpec": ["int"]}}, "children": []}, {"variables": {"i": {"init": true, "drefCount": null, "extraData": [], "decSpec": ["int"]}, "a": {"init": true, "drefCount": null, "extraData": [], "decSpec": ["int"]}}, "children": [{"variables": {}, "children": []}]}]}}