{"CFG": [[0, 1], [1, 3], [3, 1], [1, 5]], "basicBlocks": {"0": [["label", 0], ["MOV", "X18", "#96"], ["SUB", "SP", "SP", "X18"], ["MOV", "X18", "#72"], ["STR", "X29", ["SP", "X18"]], ["MOV", "X18", "#80"], ["STR", "X30", ["SP", "X18"]], ["MOV", "X1", "#20"], ["MOV", "X2", "X1"], ["MOV", "X1", "#10"], ["MOV", "X2", "X1"], ["MOV", "X1", "X2"], ["B", 1]], "1": [["label", 1], ["MOV", "X2", "#20"], ["MOV", "X3", "#1"], ["CMP", "X1", "X2"], ["CSEL", "X2", "X3", "XZR", "LT"], ["CMP", "X2", "#0"], ["B.NE", 3], ["B", 5]], "3": [["label", 3], ["MOV", "X2", "#1"], ["ADD", "X3", "X1", "X2"], ["MOV", "X2", "X3"], ["MOV", "X1", "X2"], ["B", 1]], "5": [["label", 5], ["MOV", "X8", "#0"], ["STR", "X9", ["SP", "X8"]], ["MOV", "X8", "#8"], ["STR", "X10", ["SP", "X8"]], ["MOV", "X8", "#16"], ["STR", "X11", ["SP", "X8"]], ["MOV", "X8", "#24"], ["STR", "X12", ["SP", "X8"]], ["MOV", "X8", "#32"], ["STR", "X13", ["SP", "X8"]], ["MOV", "X8", "#40"], ["STR", "X14", ["SP", "X8"]], ["MOV", "X8", "#48"], ["STR", "X15", ["SP", "X8"]], ["MOV", "X8", "#56"], ["STR", "X16", ["SP", "X8"]], ["MOV", "X8", "#64"], ["STR", "X17", ["SP", "X8"]], ["MOV", "X8", "#88"], ["STR", "X0", ["SP", "X8"]], ["BL", "something1"], ["MOV", "X2", "X0"], ["LDR", "X0", ["SP", "#88"]], ["MOV", "X8", "#0"], ["LDR", "X9", ["SP", "X8"]], ["MOV", "X8", "#8"], ["LDR", "X10", ["SP", "X8"]], ["MOV", "X8", "#16"], ["LDR", "X11", ["SP", "X8"]], ["MOV", "X8", "#24"], ["LDR", "X12", ["SP", "X8"]], ["MOV", "X8", "#32"], ["LDR", "X13", ["SP", "X8"]], ["MOV", "X8", "#40"], ["LDR", "X14", ["SP", "X8"]], ["MOV", "X8", "#48"], ["LDR", "X15", ["SP", "X8"]], ["MOV", "X8", "#56"], ["LDR", "X16", ["SP", "X8"]], ["MOV", "X8", "#64"], ["LDR", "X17", ["SP", "X8"]], ["MOV", "X3", "X2"], ["MUL", "X2", "X3", "X1"], ["MOV", "X0", "X2"], ["MOV", "X8", "#72"], ["LDR", "X29", ["SP", "X8"]], ["MOV", "X8", "#80"], ["LDR", "X30", ["SP", "X8"]], ["MOV", "X8", "#96"], ["ADD", "SP", "SP", "X8"], ["RET", "RET"], ["MOV", "X1", "#0"], ["MOV", "X0", "X1"], ["MOV", "X8", "#72"], ["LDR", "X29", ["SP", "X8"]], ["MOV", "X8", "#80"], ["LDR", "X30", ["SP", "X8"]], ["MOV", "X8", "#96"], ["ADD", "SP", "SP", "X8"], ["RET", "RET"]], "1*": []}, "functionData": {"type": "define", "resultType": "i32", "functionName": "main"}, "registers": {"'tmp8": 1, "a'1": 2, "'tmp9": 1, "i'1": 2, "i'2": 1, "'tmp10": 2, "'tmp11": 3, "2": 2, "'tmp12": 2, "4": 3, "i'3": 2, "6": 2, "a'2": 3, "7": 2, "'tmp14": 1}, "stackLocation": {"'callerSavedRegister9": 0, "'callerSavedRegister10": 8, "'callerSavedRegister11": 16, "'callerSavedRegister12": 24, "'callerSavedRegister13": 32, "'callerSavedRegister14": 40, "'callerSavedRegister15": 48, "'callerSavedRegister16": 56, "'callerSavedRegister17": 64, "'framePointer": 72, "'linkRegister": 80, "'X0": 88}, "registersUsed": 29, "spareRegister0": 8, "spareRegister1": 18, "calleeRegistersUsed": [], "callerSavedRegisters": [9, 10, 11, 12, 13, 14, 15, 16, 17], "stackSize": 96}