{"CFG": [[0, 1], [1, 3], [3, 1], [1, 5]], "basicBlocks": {"0": [{"type": "label", "labelNumber": 0}, {"type": "assign", "target": "a", "targetType": "identifier", "result": "a", "resultType": "identifier", "assignedValue": "20", "assignedValueType": "constant", "targetVersion": 1}, {"type": "assign", "target": "i", "targetType": "identifier", "result": "i", "resultType": "identifier", "assignedValue": "10", "assignedValueType": "constant", "targetVersion": 1}, {"type": "branch", "label": 1}], "1": [{"type": "label", "labelNumber": 1}, {"operator": "<", "left": "i", "leftType": "identifier", "right": "20", "rightType": "constant", "result": 2, "type": "relational", "resultType": "register", "leftVersion": 2}, {"type": "branchConditional", "value": 2, "valueType": "register", "labelTrue": 3, "labelFalse": 5}], "3": [{"type": "label", "labelNumber": 3}, {"operator": "+", "left": "i", "leftType": "identifier", "right": "1", "rightType": "constant", "result": 4, "type": "add", "resultType": "register", "leftVersion": 2}, {"type": "assign", "target": "i", "targetType": "identifier", "result": "i", "resultType": "identifier", "assignedValue": 4, "assignedValueType": "register", "targetVersion": 3}, {"type": "branch", "label": 1}], "5": [{"type": "label", "labelNumber": 5}, {"type": "postfix", "use": "funcCall", "resultType": "register", "funcName": "something1", "result": 6}, {"type": "assign", "target": "a", "targetType": "identifier", "result": "a", "resultType": "identifier", "assignedValue": 6, "assignedValueType": "register", "targetVersion": 2}, {"operator": "*", "left": "a", "leftType": "identifier", "right": "i", "rightType": "identifier", "result": 7, "type": "mult", "resultType": "register", "leftVersion": 2, "rightVersion": 2}, {"type": "return", "returnType": "i32", "value": 7, "valueType": "register"}, {"type": "return", "returnType": "i32", "value": 0, "valueType": "constant"}]}, "functionData": {"type": "define", "resultType": "i32", "functionName": "main"}, "dominanceFrontiers": {"3": [1], "5": [], "1": [1], "0": []}, "phiNodes": {"1": {"i": {"type": "phi", "target": "i", "input": [[1, 0], [3, 3]], "version": 2}}}, "domtree": {"0": [1], "1": [3, 5], "3": [], "5": []}, "idom": {"1": 0, "3": 1, "5": 1}, "dominators": {"0": [0], "1": [0, 1], "3": [0, 1, 3], "5": [0, 1, 5]}}