{"CFG": [[0, 1], [1, 3], [3, 1], [1, 5]], "basicBlocks": {"0": [["label", 0], ["MOV", ["'tmp8", "register"], ["20", "constant"]], ["MOV", ["a'1", "register"], ["'tmp8", "register"]], ["MOV", ["'tmp9", "register"], ["10", "constant"]], ["MOV", ["i'1", "register"], ["'tmp9", "register"]], ["MOV", ["i'2", "register"], ["i'1", "register"]], ["B", 1]], "1": [["label", 1], ["MOV", ["'tmp10", "register"], ["20", "constant"]], ["MOV", ["'tmp11", "register"], ["1", "constant"]], ["CMP", ["i'2", "register"], ["'tmp10", "register"]], ["CSEL", [2, "register"], ["'tmp11", "register"], ["XZR", "physicalRegister"], "LT"], ["CMP", [2, "register"], ["0", "constant"]], ["B.NE", 3], ["B", 5]], "3": [["label", 3], ["MOV", ["'tmp12", "register"], ["1", "constant"]], ["ADD", [4, "register"], ["i'2", "register"], ["'tmp12", "register"]], ["MOV", ["i'3", "register"], [4, "register"]], ["MOV", ["i'2", "register"], ["i'3", "register"]], ["B", 1]], "5": [["label", 5], ["BL", "something1", [6, "register"], null], ["MOV", ["a'2", "register"], [6, "register"]], ["MUL", [7, "register"], ["a'2", "register"], ["i'2", "register"]], ["MOV", ["'register:0:13", "register"], [7, "register"]], ["RET", "RET"], ["MOV", ["'tmp14", "register"], [0, "constant"]], ["MOV", ["'register:0:15", "register"], ["'tmp14", "register"]], ["RET", "RET"]], "1*": []}, "functionData": {"type": "define", "resultType": "i32", "functionName": "main"}, "registers": {"'tmp8": 1, "a'1": 2, "'tmp9": 1, "i'1": 2, "i'2": 1, "'tmp10": 2, "'tmp11": 3, "2": 2, "'tmp12": 2, "4": 3, "i'3": 2, "6": 2, "a'2": 3, "7": 2, "'tmp14": 1}, "stackLocation": {"'callerSavedRegister9": 0, "'callerSavedRegister10": 8, "'callerSavedRegister11": 16, "'callerSavedRegister12": 24, "'callerSavedRegister13": 32, "'callerSavedRegister14": 40, "'callerSavedRegister15": 48, "'callerSavedRegister16": 56, "'callerSavedRegister17": 64, "'framePointer": 72, "'linkRegister": 80, "'X0": 88}, "registersUsed": 29, "spareRegister0": 8, "spareRegister1": 18, "calleeRegistersUsed": [], "callerSavedRegisters": [9, 10, 11, 12, 13, 14, 15, 16, 17], "stackSize": 96}