[{"type": "define", "resultType": "i32", "functionName": "something1"}, {"type": "label", "labelNumber": 0}, {"type": "assign", "target": "a", "targetType": "identifier", "result": "a", "resultType": "identifier", "assignedValue": "20", "assignedValueType": "constant"}, {"type": "assign", "target": "b", "targetType": "identifier", "result": "b", "resultType": "identifier", "assignedValue": "30", "assignedValueType": "constant"}, {"type": "assign", "target": "f", "targetType": "identifier", "result": "f", "resultType": "identifier", "assignedValue": "20", "assignedValueType": "constant"}, {"operator": "+", "left": "a", "leftType": "identifier", "right": "b", "rightType": "identifier", "result": 1, "type": "add", "resultType": "register"}, {"operator": "+", "left": 1, "leftType": "register", "right": "f", "rightType": "identifier", "result": 2, "type": "add", "resultType": "register"}, {"type": "return", "returnType": "i32", "value": 2, "valueType": "register"}, {"type": "return", "returnType": "i32", "value": 0, "valueType": "constant"}, {"type": "define", "resultType": "i32", "functionName": "main"}, {"type": "label", "labelNumber": 0}, {"type": "assign", "target": "a", "targetType": "identifier", "result": "a", "resultType": "identifier", "assignedValue": "20", "assignedValueType": "constant"}, {"type": "assign", "target": "i", "targetType": "identifier", "result": "i", "resultType": "identifier", "assignedValue": "10", "assignedValueType": "constant"}, {"type": "branch", "label": 1}, {"type": "label", "labelNumber": 1}, {"operator": "<", "left": "i", "leftType": "identifier", "right": "20", "rightType": "constant", "result": 2, "type": "relational", "resultType": "register"}, {"type": "branchConditional", "value": 2, "valueType": "register", "labelTrue": 3, "labelFalse": 5}, {"type": "label", "labelNumber": 3}, {"operator": "+", "left": "i", "leftType": "identifier", "right": "1", "rightType": "constant", "result": 4, "type": "add", "resultType": "register"}, {"type": "assign", "target": "i", "targetType": "identifier", "result": "i", "resultType": "identifier", "assignedValue": 4, "assignedValueType": "register"}, {"type": "branch", "label": 1}, {"type": "label", "labelNumber": 5}, {"type": "postfix", "use": "funcCall", "resultType": "register", "funcName": "something1", "result": 6}, {"type": "assign", "target": "a", "targetType": "identifier", "result": "a", "resultType": "identifier", "assignedValue": 6, "assignedValueType": "register"}, {"operator": "*", "left": "a", "leftType": "identifier", "right": "i", "rightType": "identifier", "result": 7, "type": "mult", "resultType": "register"}, {"type": "return", "returnType": "i32", "value": 7, "valueType": "register"}, {"type": "return", "returnType": "i32", "value": 0, "valueType": "constant"}]