{"type": "translationUnit", "value": [{"type": "externalDeclaration", "value": {"type": "functionDefinition", "declarationSpecifiers": [{"type": "typeSpecifier", "value": "int"}], "declarator": [{"type": "id", "value": "something1"}], "compoundStatement": [{"type": "declaration", "declarationSpecifiers": {"type": "declarationSpecifiers", "value": [{"type": "typeSpecifier", "value": "int"}]}, "initDeclaratorList": [{"type": "initDeclarator", "declarator": {"type": "declarator", "value": [{"type": "id", "value": "a"}]}}, {"type": "initDeclarator", "declarator": {"type": "declarator", "value": [{"type": "id", "value": "b"}]}}, {"type": "initDeclarator", "declarator": {"type": "declarator", "value": [{"type": "id", "value": "f"}]}}]}, {"type": "expressionStatement", "expression": [{"type": "assignmentExpression", "target": {"type": "id", "value": "a"}, "assignedValue": {"type": "constant", "value": "20", "valType": "int"}}]}, {"type": "expressionStatement", "expression": [{"type": "assignmentExpression", "target": {"type": "id", "value": "b"}, "assignedValue": {"type": "constant", "value": "30", "valType": "int"}}]}, {"type": "expressionStatement", "expression": [{"type": "assignmentExpression", "target": {"type": "id", "value": "f"}, "assignedValue": {"type": "constant", "value": "20", "valType": "int"}}]}, {"type": "jumpStatement", "jumpType": "return", "value": {"type": "expression", "value": [{"type": "additiveExpression", "left": {"type": "additiveExpression", "right": {"type": "id", "value": "b"}, "operator": "+", "left": {"type": "id", "value": "a"}}, "right": {"type": "id", "value": "f"}, "operator": "+"}]}}]}}, {"type": "externalDeclaration", "value": {"type": "functionDefinition", "declarationSpecifiers": [{"type": "typeSpecifier", "value": "int"}], "declarator": [{"type": "id", "value": "main"}], "compoundStatement": [{"type": "declaration", "declarationSpecifiers": {"type": "declarationSpecifiers", "value": [{"type": "typeSpecifier", "value": "int"}]}, "initDeclaratorList": [{"type": "initDeclarator", "declarator": {"type": "declarator", "value": [{"type": "id", "value": "i"}]}}, {"type": "initDeclarator", "declarator": {"type": "declarator", "value": [{"type": "id", "value": "a"}]}}]}, {"type": "expressionStatement", "expression": [{"type": "assignmentExpression", "target": {"type": "id", "value": "a"}, "assignedValue": {"type": "constant", "value": "20", "valType": "int"}}]}, {"type": "expressionStatement", "expression": [{"type": "assignmentExpression", "target": {"type": "id", "value": "i"}, "assignedValue": {"type": "constant", "value": "10", "valType": "int"}}]}, {"type": "iterationStatement", "value": {"type": "whileLoop", "statement": {"type": "compoundStatement", "value": [{"type": "expressionStatement", "expression": [{"type": "assignmentExpression", "target": {"type": "id", "value": "i"}, "assignedValue": {"type": "additiveExpression", "left": {"type": "id", "value": "i"}, "right": {"type": "constant", "value": "1", "valType": "int"}, "operator": "+"}}]}]}, "expression": {"type": "expression", "value": [{"type": "relationalExpression", "left": {"type": "id", "value": "i"}, "right": {"type": "constant", "value": "20", "valType": "int"}, "operator": "<"}]}}}, {"type": "expressionStatement", "expression": [{"type": "assignmentExpression", "target": {"type": "id", "value": "a"}, "assignedValue": {"type": "postfixExpression", "primary": {"type": "id", "value": "something1"}, "postfixList": [{"use": "funcCall"}]}}]}, {"type": "jumpStatement", "jumpType": "return", "value": {"type": "expression", "value": [{"type": "multiplicativeExpression", "left": {"type": "id", "value": "a"}, "right": {"type": "id", "value": "i"}, "operator": "*"}]}}]}}]}