{"CFG": [], "basicBlocks": {"0": [["label", 0], ["MOV", ["'tmp1", "register"], ["20", "constant"]], ["MOV", ["a'1", "register"], ["'tmp1", "register"]], ["MOV", ["'tmp2", "register"], ["30", "constant"]], ["MOV", ["b'1", "register"], ["'tmp2", "register"]], ["MOV", ["'tmp3", "register"], ["20", "constant"]], ["MOV", ["f'1", "register"], ["'tmp3", "register"]], ["MOV", ["'tmp4", "register"], ["70", "constant"]], ["MOV", ["'register:0:5", "register"], ["'tmp4", "register"]], ["RET", "RET"], ["MOV", ["'tmp6", "register"], [0, "constant"]], ["MOV", ["'register:0:7", "register"], ["'tmp6", "register"]], ["RET", "RET"]]}, "functionData": {"type": "define", "resultType": "i32", "functionName": "something1"}, "registers": {"'tmp1": 0, "a'1": 1, "'tmp2": 0, "b'1": 1, "'tmp3": 0, "f'1": 1, "'tmp4": 0, "'tmp6": 0}, "stackLocation": {"'callerSavedRegister9": 0, "'callerSavedRegister10": 8, "'callerSavedRegister11": 16, "'callerSavedRegister12": 24, "'callerSavedRegister13": 32, "'callerSavedRegister14": 40, "'callerSavedRegister15": 48, "'callerSavedRegister16": 56, "'callerSavedRegister17": 64, "'framePointer": 72, "'linkRegister": 80, "'X0": 88}, "registersUsed": 29, "spareRegister0": 8, "spareRegister1": 18, "calleeRegistersUsed": [], "callerSavedRegisters": [9, 10, 11, 12, 13, 14, 15, 16, 17], "stackSize": 96}