{"CFG": [], "basicBlocks": {"0": [{"type": "label", "labelNumber": 0}, {"type": "assign", "target": "a", "targetType": "identifier", "result": "a", "resultType": "identifier", "assignedValue": "20", "assignedValueType": "constant", "targetVersion": 1}, {"type": "assign", "target": "b", "targetType": "identifier", "result": "b", "resultType": "identifier", "assignedValue": "30", "assignedValueType": "constant", "targetVersion": 1}, {"type": "assign", "target": "f", "targetType": "identifier", "result": "f", "resultType": "identifier", "assignedValue": "20", "assignedValueType": "constant", "targetVersion": 1}, {"type": "return", "returnType": "i32", "value": "70", "valueType": "constant"}, {"type": "return", "returnType": "i32", "value": 0, "valueType": "constant"}]}, "functionData": {"type": "define", "resultType": "i32", "functionName": "something1"}, "dominanceFrontiers": {"0": []}, "phiNodes": {}, "domtree": {"0": []}, "idom": {}, "dominators": {"0": [0]}}