{"CFG": [], "basicBlocks": {"0": [{"type": "label", "labelNumber": 0}, {"type": "assign", "target": "a", "targetType": "identifier", "result": "a", "resultType": "identifier", "assignedValue": "20", "assignedValueType": "constant"}, {"type": "assign", "target": "b", "targetType": "identifier", "result": "b", "resultType": "identifier", "assignedValue": "30", "assignedValueType": "constant"}, {"type": "assign", "target": "f", "targetType": "identifier", "result": "f", "resultType": "identifier", "assignedValue": "20", "assignedValueType": "constant"}, {"operator": "+", "left": "a", "leftType": "identifier", "right": "b", "rightType": "identifier", "result": 1, "type": "add", "resultType": "register"}, {"operator": "+", "left": 1, "leftType": "register", "right": "f", "rightType": "identifier", "result": 2, "type": "add", "resultType": "register"}, {"type": "return", "returnType": "i32", "value": 2, "valueType": "register"}, {"type": "return", "returnType": "i32", "value": 0, "valueType": "constant"}]}, "functionData": {"type": "define", "resultType": "i32", "functionName": "something1"}, "dominanceFrontiers": {"0": []}}