{"CFG": [], "basicBlocks": {"0": [["label", 0], ["MOV", "X18", "#96"], ["SUB", "SP", "SP", "X18"], ["MOV", "X18", "#72"], ["STR", "X29", ["SP", "X18"]], ["MOV", "X18", "#80"], ["STR", "X30", ["SP", "X18"]], ["MOV", "X0", "#20"], ["MOV", "X1", "X0"], ["MOV", "X0", "#30"], ["MOV", "X1", "X0"], ["MOV", "X0", "#20"], ["MOV", "X1", "X0"], ["MOV", "X0", "#70"], ["MOV", "X8", "#72"], ["LDR", "X29", ["SP", "X8"]], ["MOV", "X8", "#80"], ["LDR", "X30", ["SP", "X8"]], ["MOV", "X8", "#96"], ["ADD", "SP", "SP", "X8"], ["RET", "RET"], ["MOV", "X0", "#0"], ["MOV", "X8", "#72"], ["LDR", "X29", ["SP", "X8"]], ["MOV", "X8", "#80"], ["LDR", "X30", ["SP", "X8"]], ["MOV", "X8", "#96"], ["ADD", "SP", "SP", "X8"], ["RET", "RET"]]}, "functionData": {"type": "define", "resultType": "i32", "functionName": "something1"}, "registers": {"'tmp1": 0, "a'1": 1, "'tmp2": 0, "b'1": 1, "'tmp3": 0, "f'1": 1, "'tmp4": 0, "'tmp6": 0}, "stackLocation": {"'callerSavedRegister9": 0, "'callerSavedRegister10": 8, "'callerSavedRegister11": 16, "'callerSavedRegister12": 24, "'callerSavedRegister13": 32, "'callerSavedRegister14": 40, "'callerSavedRegister15": 48, "'callerSavedRegister16": 56, "'callerSavedRegister17": 64, "'framePointer": 72, "'linkRegister": 80, "'X0": 88}, "registersUsed": 29, "spareRegister0": 8, "spareRegister1": 18, "calleeRegistersUsed": [], "callerSavedRegisters": [9, 10, 11, 12, 13, 14, 15, 16, 17], "stackSize": 96}